{
  "experiment": "503_fold_d15_cfg22_s4096",
  "model": "pirnet_dual_branch",
  "seed": 4096,
  "window_seconds": 4.0,
  "stride_seconds": 1.0,
  "accuracy_pct": 67.70740410347904,
  "macro_f1": 0.6027064389044229,
  "weighted_f1": 0.6602071622010988,
  "n_test_samples": 1121,
  "decision_threshold": 0.8799999999999999,
  "snr_db": "clean"
}