{
  "experiment": "404_fold_d16_cfg21_s2026",
  "model": "signal_cnn_bilstm_attn",
  "seed": 2026,
  "window_seconds": 4.0,
  "stride_seconds": 1.0,
  "accuracy_pct": 92.20549158547388,
  "macro_f1": 0.9133954909030049,
  "weighted_f1": 0.9241409397926914,
  "n_test_samples": 1129,
  "decision_threshold": 0.7999999999999999,
  "snr_db": "clean"
}