{
  "experiment": "502_fold_d15_cfg22_s3407",
  "model": "pirnet_dual_branch",
  "seed": 3407,
  "window_seconds": 4.0,
  "stride_seconds": 1.0,
  "accuracy_pct": 67.61819803746654,
  "macro_f1": 0.6546351722610231,
  "weighted_f1": 0.6834925045560799,
  "n_test_samples": 1121,
  "decision_threshold": 0.8799999999999999,
  "snr_db": "clean"
}