{
  "experiment": "502_fold_d15_cfg22_s2026",
  "model": "pirnet_dual_branch",
  "seed": 2026,
  "window_seconds": 4.0,
  "stride_seconds": 1.0,
  "accuracy_pct": 69.22390722569135,
  "macro_f1": 0.6663969629870516,
  "weighted_f1": 0.6974571904748663,
  "n_test_samples": 1121,
  "decision_threshold": 0.94,
  "snr_db": "clean"
}