{
  "experiment": "503_fold_d16_cfg21_s3407",
  "model": "pirnet_dual_branch",
  "seed": 3407,
  "window_seconds": 4.0,
  "stride_seconds": 1.0,
  "accuracy_pct": 98.75996457041629,
  "macro_f1": 0.9853907867494824,
  "weighted_f1": 0.9876197719816545,
  "n_test_samples": 1129,
  "decision_threshold": 0.8899999999999999,
  "snr_db": "clean"
}