{
  "experiment": "402_fold_d17_cfg21_s2026",
  "model": "signal_inceptiontime",
  "seed": 2026,
  "window_seconds": 4.0,
  "stride_seconds": 1.0,
  "accuracy_pct": 92.17081850533808,
  "macro_f1": 0.9124223052540241,
  "weighted_f1": 0.9237886280685372,
  "n_test_samples": 1124,
  "decision_threshold": 0.74,
  "snr_db": "clean"
}