{
  "experiment": "502_fold_d17_cfg21_s2026",
  "model": "pirnet_dual_branch",
  "seed": 2026,
  "window_seconds": 4.0,
  "stride_seconds": 1.0,
  "accuracy_pct": 85.8540925266904,
  "macro_f1": 0.8483780791468531,
  "weighted_f1": 0.8640239728299554,
  "n_test_samples": 1124,
  "decision_threshold": 0.8999999999999999,
  "snr_db": "clean"
}