{
  "experiment": "403_fold_d17_cfg21_s2026",
  "model": "signal_resnet1d",
  "seed": 2026,
  "window_seconds": 4.0,
  "stride_seconds": 1.0,
  "accuracy_pct": 92.17081850533808,
  "macro_f1": 0.9126475274036236,
  "weighted_f1": 0.9238607169812236,
  "n_test_samples": 1124,
  "decision_threshold": 0.9099999999999999,
  "snr_db": "clean"
}