{
  "experiment": "503_fold_d15_cfg22_s2026",
  "model": "pirnet_dual_branch",
  "seed": 2026,
  "window_seconds": 4.0,
  "stride_seconds": 1.0,
  "accuracy_pct": 71.00802854594113,
  "macro_f1": 0.649513942000125,
  "weighted_f1": 0.6982529522946149,
  "n_test_samples": 1121,
  "decision_threshold": 0.6399999999999999,
  "snr_db": "clean"
}