{
  "experiment": "501_fold_d15_cfg22_s3407",
  "model": "pirnet_dual_branch",
  "seed": 3407,
  "window_seconds": 4.0,
  "stride_seconds": 1.0,
  "accuracy_pct": 67.1721677074041,
  "macro_f1": 0.6447276861069964,
  "weighted_f1": 0.677487383882536,
  "n_test_samples": 1121,
  "decision_threshold": 0.7499999999999999,
  "snr_db": "clean"
}