{
  "experiment": "401_fold_d17_cfg21_s2026",
  "model": "signal_wdcnn",
  "seed": 2026,
  "window_seconds": 4.0,
  "stride_seconds": 1.0,
  "accuracy_pct": 92.17081850533808,
  "macro_f1": 0.9127587812760192,
  "weighted_f1": 0.923895817087847,
  "n_test_samples": 1124,
  "decision_threshold": 0.8599999999999999,
  "snr_db": "clean"
}