{
  "experiment": "503_fold_d17_cfg21_s4096",
  "model": "pirnet_dual_branch",
  "seed": 4096,
  "window_seconds": 4.0,
  "stride_seconds": 1.0,
  "accuracy_pct": 92.17081850533808,
  "macro_f1": 0.9127587812760192,
  "weighted_f1": 0.923895817087847,
  "n_test_samples": 1124,
  "decision_threshold": 0.37999999999999995,
  "snr_db": "clean"
}