{
  "experiment": "401_fold_d15_cfg22_s2026",
  "model": "signal_wdcnn",
  "seed": 2026,
  "window_seconds": 4.0,
  "stride_seconds": 1.0,
  "accuracy_pct": 64.58519179304193,
  "macro_f1": 0.6425339584586702,
  "weighted_f1": 0.6540546510689097,
  "n_test_samples": 1121,
  "decision_threshold": 0.61,
  "snr_db": "clean"
}