{
  "experiment": "501_fold_d17_cfg21_s3407",
  "model": "pirnet_dual_branch",
  "seed": 3407,
  "window_seconds": 4.0,
  "stride_seconds": 1.0,
  "accuracy_pct": 89.23487544483986,
  "macro_f1": 0.882126684087137,
  "weighted_f1": 0.8959619938208083,
  "n_test_samples": 1124,
  "decision_threshold": 0.73,
  "snr_db": "clean"
}