{
  "experiment": "402_fold_d15_cfg22_s2026",
  "model": "signal_inceptiontime",
  "seed": 2026,
  "window_seconds": 4.0,
  "stride_seconds": 1.0,
  "accuracy_pct": 65.74487065120428,
  "macro_f1": 0.4607822505486576,
  "weighted_f1": 0.5697186183274899,
  "n_test_samples": 1121,
  "decision_threshold": 0.4799999999999999,
  "snr_db": "clean"
}