{
  "experiment": "402_fold_d16_cfg21_s4096",
  "model": "signal_inceptiontime",
  "seed": 4096,
  "window_seconds": 4.0,
  "stride_seconds": 1.0,
  "accuracy_pct": 92.64836138175376,
  "macro_f1": 0.9181627557441174,
  "weighted_f1": 0.9284020338733538,
  "n_test_samples": 1129,
  "decision_threshold": 0.8099999999999999,
  "snr_db": "clean"
}