{
  "experiment": "403_fold_d16_cfg21_s4096",
  "model": "signal_resnet1d",
  "seed": 4096,
  "window_seconds": 4.0,
  "stride_seconds": 1.0,
  "accuracy_pct": 92.55978742249779,
  "macro_f1": 0.9172287390029326,
  "weighted_f1": 0.9275561119928102,
  "n_test_samples": 1129,
  "decision_threshold": 0.69,
  "snr_db": "clean"
}