{
  "experiment": "404_fold_d17_cfg21_s3407",
  "model": "signal_cnn_bilstm_attn",
  "seed": 3407,
  "window_seconds": 4.0,
  "stride_seconds": 1.0,
  "accuracy_pct": 96.26334519572953,
  "macro_f1": 0.9570265989404119,
  "weighted_f1": 0.963213471234904,
  "n_test_samples": 1124,
  "decision_threshold": 0.82,
  "snr_db": "clean"
}