{
  "experiment": "404_fold_d15_cfg22_s3407",
  "model": "signal_cnn_bilstm_attn",
  "seed": 3407,
  "window_seconds": 4.0,
  "stride_seconds": 1.0,
  "accuracy_pct": 66.63693131132918,
  "macro_f1": 0.6538729533911458,
  "weighted_f1": 0.6758735867047829,
  "n_test_samples": 1121,
  "decision_threshold": 0.82,
  "snr_db": "clean"
}