{
  "experiment": "401_fold_d17_cfg21_s4096",
  "model": "signal_wdcnn",
  "seed": 4096,
  "window_seconds": 4.0,
  "stride_seconds": 1.0,
  "accuracy_pct": 92.43772241992883,
  "macro_f1": 0.9155713953695939,
  "weighted_f1": 0.926439195137371,
  "n_test_samples": 1124,
  "decision_threshold": 0.7,
  "snr_db": "clean"
}