{
  "experiment": "501_fold_d17_cfg21_s2026",
  "model": "pirnet_dual_branch",
  "seed": 2026,
  "window_seconds": 4.0,
  "stride_seconds": 1.0,
  "accuracy_pct": 91.90391459074732,
  "macro_f1": 0.9094952798342877,
  "weighted_f1": 0.9212093949049375,
  "n_test_samples": 1124,
  "decision_threshold": 0.06,
  "snr_db": "clean"
}