{
  "experiment": "403_fold_d17_cfg21_s3407",
  "model": "signal_resnet1d",
  "seed": 3407,
  "window_seconds": 4.0,
  "stride_seconds": 1.0,
  "accuracy_pct": 92.70462633451957,
  "macro_f1": 0.9176318348204072,
  "weighted_f1": 0.9287309505548947,
  "n_test_samples": 1124,
  "decision_threshold": 0.7999999999999999,
  "snr_db": "clean"
}