{
  "experiment": "404_fold_d16_cfg21_s3407",
  "model": "signal_cnn_bilstm_attn",
  "seed": 3407,
  "window_seconds": 4.0,
  "stride_seconds": 1.0,
  "accuracy_pct": 99.02568644818423,
  "macro_f1": 0.9883774361853958,
  "weighted_f1": 0.9902113276728977,
  "n_test_samples": 1129,
  "decision_threshold": 0.82,
  "snr_db": "clean"
}