{
  "experiment": "503_fold_d17_cfg21_s3407",
  "model": "pirnet_dual_branch",
  "seed": 3407,
  "window_seconds": 4.0,
  "stride_seconds": 1.0,
  "accuracy_pct": 94.21708185053382,
  "macro_f1": 0.9345743256615326,
  "weighted_f1": 0.9434600405284382,
  "n_test_samples": 1124,
  "decision_threshold": 0.63,
  "snr_db": "clean"
}