{
  "experiment": "402_fold_d17_cfg21_s4096",
  "model": "signal_inceptiontime",
  "seed": 4096,
  "window_seconds": 4.0,
  "stride_seconds": 1.0,
  "accuracy_pct": 79.53736654804271,
  "macro_f1": 0.7870672074274437,
  "weighted_f1": 0.8038297894442751,
  "n_test_samples": 1124,
  "decision_threshold": 0.74,
  "snr_db": "clean"
}