{
  "experiment": "501_fold_d15_cfg22_s4096",
  "model": "pirnet_dual_branch",
  "seed": 4096,
  "window_seconds": 4.0,
  "stride_seconds": 1.0,
  "accuracy_pct": 69.22390722569135,
  "macro_f1": 0.67613121063593,
  "weighted_f1": 0.7002930030674053,
  "n_test_samples": 1121,
  "decision_threshold": 0.82,
  "snr_db": "clean"
}